Fragment,Sequence,MIC (M),Activity rank,Jmax,Pred,h_t,r_t,HCS%,nhom,Best match
KQRWLWLW,KQRWLWLW,3.70e-06,Low MIC,0.333,0.992,0.933,0.059,94.0,17,RRWLWRRRWLWL
RWWRYWR,RWWRYWR,2.07e-06,Low MIC,0.286,0.992,0.904,0.089,91.1,27,RWWRLF
RWWRWWR,RWWRWWR,1.40e-05,High MIC,0.500,0.993,0.899,0.094,90.5,38,WWRWWRRRW
RRWWRWWR,RRWWRWWR,1.80e-06,Low MIC,0.667,0.993,0.892,0.101,89.8,74,WWRWWRRRW
KQKWLWLW,KQKWLWLW,3.79e-05,High MIC,0.200,0.991,0.877,0.113,88.6,25,RRWLWRRRWLWL
RRWYRWWR,RRWYRWWR,4.20e-05,High MIC,0.375,0.992,0.836,0.155,84.3,74,RRWWRIW
INLKAIAAMAKKLL,INLKAIAAMAKKLL,1.00e-06,Low MIC,0.600,0.728,0.608,0.121,83.4,372,INLKAIAASAKKLL
ILPWKWPWWKWRR,ILPWKWPWWKWRR,2.58e-06,Low MIC,0.444,0.990,0.813,0.177,82.1,119,GGHILPWKWPWWPWRRGGC
KRKWLWLW,KRKWLWLW,8.23e-06,Low MIC,0.200,0.991,0.814,0.177,82.1,44,WSRKWKRKWKW
KKKWLWLW,KKKWLWLW,6.74e-05,High MIC,0.222,0.990,0.800,0.190,80.8,63,WLKKWLKKLL
GLLKKIKWLL,GLLKKIKWLL,2.84e-05,High MIC,0.364,0.990,0.790,0.200,79.8,259,WLLKWLKKL
INLKAIAALAKKLL,INLKAIAALAKKLL,2.15e-05,High MIC,0.600,0.641,0.499,0.142,77.8,526,INLKAIAASAKKLL
GLLKRIKWLL,GLLKRIKWLL,3.23e-06,Low MIC,0.333,0.991,0.738,0.253,74.5,191,KWLLKWLLK
LLPWKWPWWKWRR,LLPWKWPWWKWRR,1.61e-05,High MIC,0.368,0.989,0.679,0.310,68.7,171,GGHILPWKWPWWPWRRGGC
RRLFRRILRWL,RRLFRRILRWL,5.50e-07,Low MIC,0.250,0.993,0.611,0.383,61.5,172,RLRRILRKIVRRL
FLPIIGKLLSGLL,FLPIIGKLLSGLL,4.45e-06,Low MIC,0.571,0.925,0.525,0.400,56.8,435,FLYIIGKLLSGLL
RRLFRRILRYL,RRLFRRILRYL,4.50e-06,High MIC,0.250,0.992,0.548,0.444,55.2,165,RLRRILRKIVRRL
FLPIVGKLLSGLL,FLPIVGKLLSGLL,5.90e-05,High MIC,0.467,0.956,0.524,0.433,54.8,429,FLPIVAELLSGLL
GWLDVAKKIGKAAFNVAKNFI,GWLDVAKKIGKAAFNVAKNFI,2.23e-05,High MIC,0.120,0.992,0.491,0.500,49.5,375,LWKIGKKIWRVG
GWLDVAKKIGKAAFNVAKNFL,GWLDVAKKIGKAAFNVAKNFL,1.70e-06,Low MIC,0.120,0.991,0.483,0.508,48.8,387,LWKIGKKIWRVG
